client_id,total_montant
CL006,58522.171100790176
CL003,113916.29904583865
CL001,1421155.139752786
CL004,1444569.7437315718
CL005,60817.73769178061
CL002,188485.15729060437
