type_credit,montant_moyen
Auto,10123.000569099675
Conso,4488.498413745612
Immobilier,172041.64509430158
